<?xml version="1.0"?>
<Runs Version="1" Minor="0">
	<Run Id="impl_1" LaunchDir="C:/Users/seang/Lab2/Lab2.runs/impl_1" FlowId="Vivado_Implementation" FromStepId="init_design" ToStepId="route_design"/>
	<Parameters>
		<Parameter Name="runs.monitorLSFJobs" Val="true" Type="bool"/>
		<Parameter Name="runs.enableClusterConf" Val="true" Type="bool"/>
		<Parameter Name="general.shortenLongPath" Val="true" Type="bool"/>
		<Parameter Name="general.usePosixSpawnForFork" Val="true" Type="bool"/>
	</Parameters>
	<ProductInfo Name="vivado"/>
</Runs>

