<?xml version="1.0" encoding="UTF-8"?>
<GenRun Id="impl_1" LaunchPart="xc7a100tcsg324-1" LaunchTime="1751963279">
  <File Type="PA-TCL" Name="MainProgram.tcl"/>
  <File Type="REPORTS-TCL" Name="MainProgram_reports.tcl"/>
  <File Type="INIT-TIMING" Name="MainProgram_timing_summary_init.rpt"/>
  <File Type="OPT-DCP" Name="MainProgram_opt.dcp"/>
  <File Type="OPT-DRC" Name="MainProgram_drc_opted.rpt"/>
  <File Type="OPT-METHODOLOGY-DRC" Name="MainProgram_methodology_drc_opted.rpt"/>
  <File Type="OPT-HWDEF" Name="MainProgram.hwdef"/>
  <File Type="OPT-TIMING" Name="MainProgram_timing_summary_opted.rpt"/>
  <File Type="OPT-RQA-PB" Name="MainProgram_rqa_opted.pb"/>
  <File Type="PWROPT-DCP" Name="MainProgram_pwropt.dcp"/>
  <File Type="PWROPT-DRC" Name="MainProgram_drc_pwropted.rpt"/>
  <File Type="PWROPT-TIMING" Name="MainProgram_timing_summary_pwropted.rpt"/>
  <File Type="PLACE-DCP" Name="MainProgram_placed.dcp"/>
  <File Type="PLACE-IO" Name="MainProgram_io_placed.rpt"/>
  <File Type="PLACE-CLK" Name="MainProgram_clock_utilization_placed.rpt"/>
  <File Type="PLACE-UTIL" Name="MainProgram_utilization_placed.rpt"/>
  <File Type="PLACE-UTIL-PB" Name="MainProgram_utilization_placed.pb"/>
  <File Type="PLACE-CTRL" Name="MainProgram_control_sets_placed.rpt"/>
  <File Type="PLACE-SIMILARITY" Name="MainProgram_incremental_reuse_placed.rpt"/>
  <File Type="PLACE-PRE-SIMILARITY" Name="MainProgram_incremental_reuse_pre_placed.rpt"/>
  <File Type="PLACE-TIMING" Name="MainProgram_timing_summary_placed.rpt"/>
  <File Type="PLACE-RQA-PB" Name="MainProgram_rqa_placed.pb"/>
  <File Type="POSTPLACE-PWROPT-DCP" Name="MainProgram_postplace_pwropt.dcp"/>
  <File Type="POSTPLACE-PWROPT-TIMING" Name="MainProgram_timing_summary_postplace_pwropted.rpt"/>
  <File Type="PHYSOPT-DCP" Name="MainProgram_physopt.dcp"/>
  <File Type="PHYSOPT-DRC" Name="MainProgram_drc_physopted.rpt"/>
  <File Type="PHYSOPT-TIMING" Name="MainProgram_timing_summary_physopted.rpt"/>
  <File Type="ROUTE-ERROR-DCP" Name="MainProgram_routed_error.dcp"/>
  <File Type="ROUTE-DCP" Name="MainProgram_routed.dcp"/>
  <File Type="ROUTE-BLACKBOX-DCP" Name="MainProgram_routed_bb.dcp"/>
  <File Type="ROUTE-DRC" Name="MainProgram_drc_routed.rpt"/>
  <File Type="ROUTE-DRC-PB" Name="MainProgram_drc_routed.pb"/>
  <File Type="ROUTE-DRC-RPX" Name="MainProgram_drc_routed.rpx"/>
  <File Type="ROUTE-METHODOLOGY-DRC" Name="MainProgram_methodology_drc_routed.rpt"/>
  <File Type="ROUTE-METHODOLOGY-DRC-RPX" Name="MainProgram_methodology_drc_routed.rpx"/>
  <File Type="ROUTE-METHODOLOGY-DRC-PB" Name="MainProgram_methodology_drc_routed.pb"/>
  <File Type="ROUTE-PWR" Name="MainProgram_power_routed.rpt"/>
  <File Type="ROUTE-PWR-SUM" Name="MainProgram_power_summary_routed.pb"/>
  <File Type="ROUTE-PWR-RPX" Name="MainProgram_power_routed.rpx"/>
  <File Type="ROUTE-STATUS" Name="MainProgram_route_status.rpt"/>
  <File Type="ROUTE-STATUS-PB" Name="MainProgram_route_status.pb"/>
  <File Type="ROUTE-TIMINGSUMMARY" Name="MainProgram_timing_summary_routed.rpt"/>
  <File Type="ROUTE-TIMING-PB" Name="MainProgram_timing_summary_routed.pb"/>
  <File Type="ROUTE-TIMING-RPX" Name="MainProgram_timing_summary_routed.rpx"/>
  <File Type="ROUTE-SIMILARITY" Name="MainProgram_incremental_reuse_routed.rpt"/>
  <File Type="ROUTE-CLK" Name="MainProgram_clock_utilization_routed.rpt"/>
  <File Type="ROUTE-BUS-SKEW" Name="MainProgram_bus_skew_routed.rpt"/>
  <File Type="ROUTE-BUS-SKEW-PB" Name="MainProgram_bus_skew_routed.pb"/>
  <File Type="ROUTE-BUS-SKEW-RPX" Name="MainProgram_bus_skew_routed.rpx"/>
  <File Type="ROUTE-RQS-PB" Name="MainProgram_rqs_routed.pb"/>
  <File Type="POSTROUTE-PHYSOPT-DCP" Name="MainProgram_postroute_physopt.dcp"/>
  <File Type="POSTROUTE-PHYSOPT-BLACKBOX-DCP" Name="MainProgram_postroute_physopt_bb.dcp"/>
  <File Type="POSTROUTE-PHYSOPT-TIMING" Name="MainProgram_timing_summary_postroute_physopted.rpt"/>
  <File Type="POSTROUTE-PHYSOPT-TIMING-PB" Name="MainProgram_timing_summary_postroute_physopted.pb"/>
  <File Type="POSTROUTE-PHYSOPT-TIMING-RPX" Name="MainProgram_timing_summary_postroute_physopted.rpx"/>
  <File Type="POSTROUTE-PHYSOPT-BUS-SKEW" Name="MainProgram_bus_skew_postroute_physopted.rpt"/>
  <File Type="POSTROUTE-PHYSOPT-BUS-SKEW-PB" Name="MainProgram_bus_skew_postroute_physopted.pb"/>
  <File Type="POSTROUTE-PHYSOPT-BUS-SKEW-RPX" Name="MainProgram_bus_skew_postroute_physopted.rpx"/>
  <File Type="BG-BIT" Name="MainProgram.bit"/>
  <File Type="BG-BIN" Name="MainProgram.bin"/>
  <File Type="BITSTR-MSK" Name="MainProgram.msk"/>
  <File Type="BITSTR-RBT" Name="MainProgram.rbt"/>
  <File Type="BITSTR-NKY" Name="MainProgram.nky"/>
  <File Type="BITSTR-BMM" Name="MainProgram_bd.bmm"/>
  <File Type="BITSTR-MMI" Name="MainProgram.mmi"/>
  <File Type="PDI-FILE" Name="MainProgram.pdi"/>
  <File Type="BOOT-PDI-FILE" Name="MainProgram_boot.pdi"/>
  <File Type="PL-PDI-FILE" Name="MainProgram_pld.pdi"/>
  <File Type="RCFI_FILE" Name="MainProgram.rcfi"/>
  <File Type="CFI_FILE" Name="MainProgram.cfi"/>
  <File Type="RNPI_FILE" Name="MainProgram.rnpi"/>
  <File Type="NPI_FILE" Name="MainProgram.npi"/>
  <File Type="RBD_FILE" Name="MainProgram.rbd"/>
  <File Type="BITSTR-LTX" Name="debug_nets.ltx"/>
  <File Type="BITSTR-LTX" Name="MainProgram.ltx"/>
  <File Type="BITSTR-SYSDEF" Name="MainProgram.sysdef"/>
  <File Type="BG-BGN" Name="MainProgram.bgn"/>
  <File Type="BG-DRC" Name="MainProgram.drc"/>
  <File Type="RDI-RDI" Name="MainProgram.vdi"/>
  <File Type="WBT-USG" Name="usage_statistics_webtalk.html"/>
  <File Type="ROUTE-RQS" Name="MainProgram_routed.rqs"/>
  <File Type="POSTROUTE-PHYSOPT-RQS" Name="MainProgram_postroute_physopted.rqs"/>
  <File Type="ROUTE-RQS-RPT" Name="route_report_qor_suggestions_0.rpt"/>
  <File Type="POSTROUTE-PHYSOPT-RQS-RPT" Name="postroute_physopt_report_qor_suggestions_0.rpt"/>
  <FileSet Name="sources" Type="DesignSrcs" RelSrcDir="$PSRCDIR/sources_1" RelGenDir="$PGENDIR/sources_1">
    <Filter Type="Srcs"/>
    <File Path="$PSRCDIR/sources_1/new/Decoder10to32.v">
      <FileInfo>
        <Attr Name="UsedIn" Val="synthesis"/>
        <Attr Name="UsedIn" Val="implementation"/>
        <Attr Name="UsedIn" Val="simulation"/>
      </FileInfo>
    </File>
    <File Path="$PSRCDIR/sources_1/new/seg7_driver.v">
      <FileInfo>
        <Attr Name="UsedIn" Val="synthesis"/>
        <Attr Name="UsedIn" Val="implementation"/>
        <Attr Name="UsedIn" Val="simulation"/>
      </FileInfo>
    </File>
    <File Path="$PSRCDIR/sources_1/new/MainProgram.v">
      <FileInfo>
        <Attr Name="UsedIn" Val="synthesis"/>
        <Attr Name="UsedIn" Val="implementation"/>
        <Attr Name="UsedIn" Val="simulation"/>
      </FileInfo>
    </File>
    <File Path="$PSRCDIR/sources_1/new/decoderTB.v">
      <FileInfo>
        <Attr Name="AutoDisabled" Val="1"/>
        <Attr Name="UsedIn" Val="synthesis"/>
        <Attr Name="UsedIn" Val="implementation"/>
        <Attr Name="UsedIn" Val="simulation"/>
      </FileInfo>
    </File>
    <Config>
      <Option Name="DesignMode" Val="RTL"/>
      <Option Name="TopModule" Val="MainProgram"/>
    </Config>
  </FileSet>
  <FileSet Name="constrs_in" Type="Constrs" RelSrcDir="$PSRCDIR/constrs_1" RelGenDir="$PGENDIR/constrs_1">
    <Filter Type="Constrs"/>
    <File Path="$PSRCDIR/constrs_1/new/seg7constraint.xdc">
      <FileInfo>
        <Attr Name="UsedIn" Val="synthesis"/>
        <Attr Name="UsedIn" Val="implementation"/>
      </FileInfo>
    </File>
    <Config>
      <Option Name="ConstrsType" Val="XDC"/>
    </Config>
  </FileSet>
  <FileSet Name="utils" Type="Utils" RelSrcDir="$PSRCDIR/utils_1" RelGenDir="$PGENDIR/utils_1">
    <Filter Type="Utils"/>
    <File Path="$PSRCDIR/utils_1/imports/synth_1/MainProgram.dcp">
      <FileInfo>
        <Attr Name="UsedIn" Val="synthesis"/>
        <Attr Name="UsedIn" Val="implementation"/>
        <Attr Name="UsedInSteps" Val="synth_1"/>
        <Attr Name="AutoDcp" Val="1"/>
      </FileInfo>
    </File>
    <Config>
      <Option Name="TopAutoSet" Val="TRUE"/>
    </Config>
  </FileSet>
  <Strategy Version="1" Minor="2">
    <StratHandle Name="Vivado Implementation Defaults" Flow="Vivado Implementation 2024"/>
    <Step Id="init_design"/>
    <Step Id="opt_design"/>
    <Step Id="power_opt_design"/>
    <Step Id="place_design"/>
    <Step Id="post_place_power_opt_design"/>
    <Step Id="phys_opt_design"/>
    <Step Id="route_design"/>
    <Step Id="post_route_phys_opt_design"/>
    <Step Id="write_bitstream"/>
  </Strategy>
</GenRun>
