<?xml version="1.0" encoding="UTF-8"?>
<GenRun Id="impl_1" LaunchPart="xc7a100tcsg324-1" LaunchTime="1750830172">
  <File Type="REPORTS-TCL" Name="decoder4x16_behave_reports.tcl"/>
  <File Type="ROUTE-PWR-SUM" Name="decoder4x16_behave_power_summary_routed.pb"/>
  <File Type="BITSTR-MMI" Name="decoder4x16_behave.mmi"/>
  <File Type="OPT-DRC" Name="decoder4x16_behave_drc_opted.rpt"/>
  <File Type="BG-DRC" Name="decoder4x16_behave.drc"/>
  <File Type="ROUTE-STATUS-PB" Name="decoder4x16_behave_route_status.pb"/>
  <File Type="BG-BGN" Name="decoder4x16_behave.bgn"/>
  <File Type="PLACE-UTIL" Name="decoder4x16_behave_utilization_placed.rpt"/>
  <File Type="PLACE-UTIL-PB" Name="decoder4x16_behave_utilization_placed.pb"/>
  <File Type="PLACE-IO" Name="decoder4x16_behave_io_placed.rpt"/>
  <File Type="BG-BIN" Name="decoder4x16_behave.bin"/>
  <File Type="PLACE-CTRL" Name="decoder4x16_behave_control_sets_placed.rpt"/>
  <File Type="ROUTE-PWR-RPX" Name="decoder4x16_behave_power_routed.rpx"/>
  <File Type="BITSTR-MSK" Name="decoder4x16_behave.msk"/>
  <File Type="BITSTR-RBT" Name="decoder4x16_behave.rbt"/>
  <File Type="ROUTE-TIMINGSUMMARY" Name="decoder4x16_behave_timing_summary_routed.rpt"/>
  <File Type="ROUTE-TIMING-RPX" Name="decoder4x16_behave_timing_summary_routed.rpx"/>
  <File Type="ROUTE-STATUS" Name="decoder4x16_behave_route_status.rpt"/>
  <File Type="PA-TCL" Name="decoder4x16_behave.tcl"/>
  <File Type="ROUTE-PWR" Name="decoder4x16_behave_power_routed.rpt"/>
  <File Type="ROUTE-DRC" Name="decoder4x16_behave_drc_routed.rpt"/>
  <File Type="ROUTE-DRC-RPX" Name="decoder4x16_behave_drc_routed.rpx"/>
  <File Type="ROUTE-DRC-PB" Name="decoder4x16_behave_drc_routed.pb"/>
  <File Type="BITSTR-SYSDEF" Name="decoder4x16_behave.sysdef"/>
  <File Type="ROUTE-METHODOLOGY-DRC" Name="decoder4x16_behave_methodology_drc_routed.rpt"/>
  <File Type="ROUTE-METHODOLOGY-DRC-RPX" Name="decoder4x16_behave_methodology_drc_routed.rpx"/>
  <File Type="BITSTR-LTX" Name="debug_nets.ltx"/>
  <File Type="BITSTR-LTX" Name="decoder4x16_behave.ltx"/>
  <File Type="ROUTE-METHODOLOGY-DRC-PB" Name="decoder4x16_behave_methodology_drc_routed.pb"/>
  <File Type="ROUTE-SIMILARITY" Name="decoder4x16_behave_incremental_reuse_routed.rpt"/>
  <File Type="RDI-RDI" Name="decoder4x16_behave.vdi"/>
  <File Type="ROUTE-CLK" Name="decoder4x16_behave_clock_utilization_routed.rpt"/>
  <File Type="ROUTE-BUS-SKEW" Name="decoder4x16_behave_bus_skew_routed.rpt"/>
  <File Type="ROUTE-BUS-SKEW-RPX" Name="decoder4x16_behave_bus_skew_routed.rpx"/>
  <File Type="ROUTE-BUS-SKEW-PB" Name="decoder4x16_behave_bus_skew_routed.pb"/>
  <File Type="POSTROUTE-PHYSOPT-TIMING" Name="decoder4x16_behave_timing_summary_postroute_physopted.rpt"/>
  <File Type="POSTROUTE-PHYSOPT-TIMING-RPX" Name="decoder4x16_behave_timing_summary_postroute_physopted.rpx"/>
  <File Type="POSTROUTE-PHYSOPT-TIMING-PB" Name="decoder4x16_behave_timing_summary_postroute_physopted.pb"/>
  <File Type="POSTROUTE-PHYSOPT-BUS-SKEW" Name="decoder4x16_behave_bus_skew_postroute_physopted.rpt"/>
  <File Type="POSTROUTE-PHYSOPT-BUS-SKEW-RPX" Name="decoder4x16_behave_bus_skew_postroute_physopted.rpx"/>
  <File Type="BG-BIT" Name="decoder4x16_behave.bit"/>
  <File Type="POSTROUTE-PHYSOPT-BUS-SKEW-PB" Name="decoder4x16_behave_bus_skew_postroute_physopted.pb"/>
  <File Type="BITSTR-NKY" Name="decoder4x16_behave.nky"/>
  <File Type="BITSTR-BMM" Name="decoder4x16_behave_bd.bmm"/>
  <File Type="WBT-USG" Name="usage_statistics_webtalk.html"/>
  <File Type="OPT-HWDEF" Name="decoder4x16_behave.hwdef"/>
  <File Type="PLACE-PRE-SIMILARITY" Name="decoder4x16_behave_incremental_reuse_pre_placed.rpt"/>
  <File Type="ROUTE-DCP" Name="decoder4x16_behave_routed.dcp"/>
  <File Type="ROUTE-ERROR-DCP" Name="decoder4x16_behave_routed_error.dcp"/>
  <File Type="ROUTE-BLACKBOX-DCP" Name="decoder4x16_behave_routed_bb.dcp"/>
  <File Type="ROUTE-TIMING-PB" Name="decoder4x16_behave_timing_summary_routed.pb"/>
  <File Type="OPT-DCP" Name="decoder4x16_behave_opt.dcp"/>
  <File Type="PLACE-DCP" Name="decoder4x16_behave_placed.dcp"/>
  <File Type="PWROPT-DCP" Name="decoder4x16_behave_pwropt.dcp"/>
  <File Type="POSTPLACE-PWROPT-DCP" Name="decoder4x16_behave_postplace_pwropt.dcp"/>
  <File Type="PHYSOPT-DCP" Name="decoder4x16_behave_physopt.dcp"/>
  <File Type="POSTROUTE-PHYSOPT-DCP" Name="decoder4x16_behave_postroute_physopt.dcp"/>
  <File Type="POSTROUTE-PHYSOPT-BLACKBOX-DCP" Name="decoder4x16_behave_postroute_physopt_bb.dcp"/>
  <File Type="PDI-FILE" Name="decoder4x16_behave.pdi"/>
  <File Type="BOOT-PDI-FILE" Name="decoder4x16_behave_boot.pdi"/>
  <File Type="PL-PDI-FILE" Name="decoder4x16_behave_pld.pdi"/>
  <File Type="RCFI_FILE" Name="decoder4x16_behave.rcfi"/>
  <File Type="CFI_FILE" Name="decoder4x16_behave.cfi"/>
  <File Type="RNPI_FILE" Name="decoder4x16_behave.rnpi"/>
  <File Type="NPI_FILE" Name="decoder4x16_behave.npi"/>
  <File Type="RBD_FILE" Name="decoder4x16_behave.rbd"/>
  <File Type="ROUTE-RQS" Name="decoder4x16_behave_routed.rqs"/>
  <File Type="POSTROUTE-PHYSOPT-RQS" Name="decoder4x16_behave_postroute_physopted.rqs"/>
  <File Type="ROUTE-RQS-RPT" Name="route_report_qor_suggestions_0.rpt"/>
  <File Type="POSTROUTE-PHYSOPT-RQS-RPT" Name="postroute_physopt_report_qor_suggestions_0.rpt"/>
  <File Type="MMI-FILE" Name="decoder4x16_behave.mmi"/>
  <File Type="BIF-FILE" Name="decoder4x16_behave.bif"/>
  <File Type="BOOT-BIF-FILE" Name="decoder4x16_behave_boot.bif"/>
  <File Type="PL-BIF-FILE" Name="decoder4x16_behave_pld.bif"/>
  <File Type="LTX-FILE" Name="decoder4x16_behave.ltx"/>
  <File Type="BOOT-LTX-FILE" Name="decoder4x16_behave_boot.ltx"/>
  <File Type="PL-LTX-FILE" Name="decoder4x16_behave_pld.ltx"/>
  <File Type="RCDO-FILE" Name="decoder4x16_behave.rcdo"/>
  <File Type="MARKER-RCDO-FILE" Name="decoder4x16_behave_markers.rcdo"/>
  <File Type="PL-RCDO-FILE" Name="decoder4x16_behave_pld.rcdo"/>
  <File Type="MARKER-RNPI-FILE" Name="decoder4x16_behave_markers.rnpi"/>
  <File Type="BOOT_RNPI_FILE" Name="decoder4x16_behave_boot.rnpi"/>
  <File Type="PL_RNPI_FILE" Name="decoder4x16_behave_pld.rnpi"/>
  <File Type="BOOT_MARKER_RNPI_FILE" Name="decoder4x16_behave_boot_markers.rnpi"/>
  <File Type="PL_MARKER_RNPI_FILE" Name="decoder4x16_behave_pld_markers.rnpi"/>
  <File Type="PL_MASK_RNPI_FILE" Name="decoder4x16_behave_pld_mask.rnpi"/>
  <File Type="PL_SHUTDOWN_RNPI_FILE" Name="decoder4x16_behave_pld_shutdown.rnpi"/>
  <File Type="PL_UNMASK_RNPI_FILE" Name="decoder4x16_behave_pld_unmask.rnpi"/>
  <File Type="PL-CLEAR-RCDO-FILE" Name="decoder4x16_behave_pld_clear.rcdo"/>
  <File Type="PL_MARKER_RCDO_FILE" Name="decoder4x16_behave_pld_markers.rcdo"/>
  <File Type="PL_MASK_RCDO_FILE" Name="decoder4x16_behave_pld_mask.rcdo"/>
  <File Type="PL_UNMASK_MARKER_RCDO_FILE" Name="decoder4x16_behave_pld_unmask_markers.rcdo"/>
  <File Type="PL_UNMASK_RCDO_FILE" Name="decoder4x16_behave_pld_unmask.rcdo"/>
  <FileSet Name="sources" Type="DesignSrcs" RelSrcDir="$PSRCDIR/sources_1" RelGenDir="$PGENDIR/sources_1">
    <Filter Type="Srcs"/>
    <File Path="$PSRCDIR/sources_1/new/decoder4x16_behave.v">
      <FileInfo>
        <Attr Name="UsedIn" Val="synthesis"/>
        <Attr Name="UsedIn" Val="implementation"/>
        <Attr Name="UsedIn" Val="simulation"/>
      </FileInfo>
    </File>
    <File Path="$PSRCDIR/sources_1/new/decoder4x16.v">
      <FileInfo>
        <Attr Name="AutoDisabled" Val="1"/>
        <Attr Name="UsedIn" Val="synthesis"/>
        <Attr Name="UsedIn" Val="implementation"/>
        <Attr Name="UsedIn" Val="simulation"/>
      </FileInfo>
    </File>
    <Config>
      <Option Name="DesignMode" Val="RTL"/>
      <Option Name="TopModule" Val="decoder4x16_behave"/>
    </Config>
  </FileSet>
  <FileSet Name="constrs_in" Type="Constrs" RelSrcDir="$PSRCDIR/constrs_1" RelGenDir="$PGENDIR/constrs_1">
    <Filter Type="Constrs"/>
    <File Path="$PSRCDIR/constrs_1/new/lab2.xdc">
      <FileInfo>
        <Attr Name="UsedIn" Val="synthesis"/>
        <Attr Name="UsedIn" Val="implementation"/>
      </FileInfo>
    </File>
    <Config>
      <Option Name="ConstrsType" Val="XDC"/>
    </Config>
  </FileSet>
  <FileSet Name="utils" Type="Utils" RelSrcDir="$PSRCDIR/utils_1" RelGenDir="$PGENDIR/utils_1">
    <Filter Type="Utils"/>
    <File Path="$PSRCDIR/utils_1/imports/synth_1/decoder4x16.dcp">
      <FileInfo>
        <Attr Name="UsedIn" Val="synthesis"/>
        <Attr Name="UsedIn" Val="implementation"/>
        <Attr Name="UsedInSteps" Val="synth_1"/>
        <Attr Name="AutoDcp" Val="1"/>
      </FileInfo>
    </File>
    <Config>
      <Option Name="TopAutoSet" Val="TRUE"/>
    </Config>
  </FileSet>
  <Strategy Version="1" Minor="2">
    <StratHandle Name="Vivado Implementation Defaults" Flow="Vivado Implementation 2025"/>
    <Step Id="init_design"/>
    <Step Id="opt_design"/>
    <Step Id="power_opt_design"/>
    <Step Id="place_design"/>
    <Step Id="post_place_power_opt_design"/>
    <Step Id="phys_opt_design"/>
    <Step Id="route_design"/>
    <Step Id="post_route_phys_opt_design"/>
    <Step Id="write_bitstream"/>
    <Step Id="write_device_image"/>
  </Strategy>
</GenRun>
