<?xml version="1.0" encoding="UTF-8"?>
<GenRun Id="impl_1" LaunchPart="xc7a100tcsg324-1" LaunchTime="1750907215">
  <File Type="ROUTE-PWR" Name="decoder4x16_gate_power_routed.rpt"/>
  <File Type="PA-TCL" Name="decoder4x16_gate.tcl"/>
  <File Type="ROUTE-PWR-SUM" Name="decoder4x16_gate_power_summary_routed.pb"/>
  <File Type="REPORTS-TCL" Name="decoder4x16_gate_reports.tcl"/>
  <File Type="OPT-RQA-PB" Name="decoder4x16_gate_rqa_opted.pb"/>
  <File Type="BITSTR-MMI" Name="decoder4x16_gate.mmi"/>
  <File Type="OPT-METHODOLOGY-DRC" Name="decoder4x16_gate_methodology_drc_opted.rpt"/>
  <File Type="INIT-TIMING" Name="decoder4x16_gate_timing_summary_init.rpt"/>
  <File Type="OPT-TIMING" Name="decoder4x16_gate_timing_summary_opted.rpt"/>
  <File Type="OPT-DCP" Name="decoder4x16_gate_opt.dcp"/>
  <File Type="OPT-DRC" Name="decoder4x16_gate_drc_opted.rpt"/>
  <File Type="OPT-HWDEF" Name="decoder4x16_gate.hwdef"/>
  <File Type="PWROPT-DCP" Name="decoder4x16_gate_pwropt.dcp"/>
  <File Type="PWROPT-DRC" Name="decoder4x16_gate_drc_pwropted.rpt"/>
  <File Type="PWROPT-TIMING" Name="decoder4x16_gate_timing_summary_pwropted.rpt"/>
  <File Type="PLACE-DCP" Name="decoder4x16_gate_placed.dcp"/>
  <File Type="PLACE-IO" Name="decoder4x16_gate_io_placed.rpt"/>
  <File Type="PLACE-CLK" Name="decoder4x16_gate_clock_utilization_placed.rpt"/>
  <File Type="PLACE-UTIL" Name="decoder4x16_gate_utilization_placed.rpt"/>
  <File Type="PLACE-UTIL-PB" Name="decoder4x16_gate_utilization_placed.pb"/>
  <File Type="PLACE-CTRL" Name="decoder4x16_gate_control_sets_placed.rpt"/>
  <File Type="PLACE-SIMILARITY" Name="decoder4x16_gate_incremental_reuse_placed.rpt"/>
  <File Type="PLACE-PRE-SIMILARITY" Name="decoder4x16_gate_incremental_reuse_pre_placed.rpt"/>
  <File Type="BG-BIN" Name="decoder4x16_gate.bin"/>
  <File Type="PLACE-TIMING" Name="decoder4x16_gate_timing_summary_placed.rpt"/>
  <File Type="ROUTE-PWR-RPX" Name="decoder4x16_gate_power_routed.rpx"/>
  <File Type="PLACE-RQA-PB" Name="decoder4x16_gate_rqa_placed.pb"/>
  <File Type="POSTPLACE-PWROPT-DCP" Name="decoder4x16_gate_postplace_pwropt.dcp"/>
  <File Type="BITSTR-MSK" Name="decoder4x16_gate.msk"/>
  <File Type="POSTPLACE-PWROPT-TIMING" Name="decoder4x16_gate_timing_summary_postplace_pwropted.rpt"/>
  <File Type="PHYSOPT-DCP" Name="decoder4x16_gate_physopt.dcp"/>
  <File Type="PHYSOPT-DRC" Name="decoder4x16_gate_drc_physopted.rpt"/>
  <File Type="BITSTR-RBT" Name="decoder4x16_gate.rbt"/>
  <File Type="PHYSOPT-TIMING" Name="decoder4x16_gate_timing_summary_physopted.rpt"/>
  <File Type="ROUTE-ERROR-DCP" Name="decoder4x16_gate_routed_error.dcp"/>
  <File Type="ROUTE-DCP" Name="decoder4x16_gate_routed.dcp"/>
  <File Type="ROUTE-BLACKBOX-DCP" Name="decoder4x16_gate_routed_bb.dcp"/>
  <File Type="ROUTE-DRC" Name="decoder4x16_gate_drc_routed.rpt"/>
  <File Type="ROUTE-DRC-PB" Name="decoder4x16_gate_drc_routed.pb"/>
  <File Type="ROUTE-DRC-RPX" Name="decoder4x16_gate_drc_routed.rpx"/>
  <File Type="ROUTE-METHODOLOGY-DRC" Name="decoder4x16_gate_methodology_drc_routed.rpt"/>
  <File Type="ROUTE-METHODOLOGY-DRC-RPX" Name="decoder4x16_gate_methodology_drc_routed.rpx"/>
  <File Type="ROUTE-METHODOLOGY-DRC-PB" Name="decoder4x16_gate_methodology_drc_routed.pb"/>
  <File Type="ROUTE-RQS-PB" Name="decoder4x16_gate_rqs_routed.pb"/>
  <File Type="ROUTE-STATUS" Name="decoder4x16_gate_route_status.rpt"/>
  <File Type="ROUTE-STATUS-PB" Name="decoder4x16_gate_route_status.pb"/>
  <File Type="ROUTE-TIMINGSUMMARY" Name="decoder4x16_gate_timing_summary_routed.rpt"/>
  <File Type="ROUTE-TIMING-PB" Name="decoder4x16_gate_timing_summary_routed.pb"/>
  <File Type="ROUTE-TIMING-RPX" Name="decoder4x16_gate_timing_summary_routed.rpx"/>
  <File Type="ROUTE-SIMILARITY" Name="decoder4x16_gate_incremental_reuse_routed.rpt"/>
  <File Type="ROUTE-CLK" Name="decoder4x16_gate_clock_utilization_routed.rpt"/>
  <File Type="ROUTE-BUS-SKEW" Name="decoder4x16_gate_bus_skew_routed.rpt"/>
  <File Type="ROUTE-BUS-SKEW-PB" Name="decoder4x16_gate_bus_skew_routed.pb"/>
  <File Type="ROUTE-BUS-SKEW-RPX" Name="decoder4x16_gate_bus_skew_routed.rpx"/>
  <File Type="POSTROUTE-PHYSOPT-DCP" Name="decoder4x16_gate_postroute_physopt.dcp"/>
  <File Type="POSTROUTE-PHYSOPT-BLACKBOX-DCP" Name="decoder4x16_gate_postroute_physopt_bb.dcp"/>
  <File Type="POSTROUTE-PHYSOPT-TIMING" Name="decoder4x16_gate_timing_summary_postroute_physopted.rpt"/>
  <File Type="POSTROUTE-PHYSOPT-TIMING-PB" Name="decoder4x16_gate_timing_summary_postroute_physopted.pb"/>
  <File Type="POSTROUTE-PHYSOPT-TIMING-RPX" Name="decoder4x16_gate_timing_summary_postroute_physopted.rpx"/>
  <File Type="POSTROUTE-PHYSOPT-BUS-SKEW" Name="decoder4x16_gate_bus_skew_postroute_physopted.rpt"/>
  <File Type="BG-BIT" Name="decoder4x16_gate.bit"/>
  <File Type="POSTROUTE-PHYSOPT-BUS-SKEW-PB" Name="decoder4x16_gate_bus_skew_postroute_physopted.pb"/>
  <File Type="POSTROUTE-PHYSOPT-BUS-SKEW-RPX" Name="decoder4x16_gate_bus_skew_postroute_physopted.rpx"/>
  <File Type="BITSTR-NKY" Name="decoder4x16_gate.nky"/>
  <File Type="BITSTR-BMM" Name="decoder4x16_gate_bd.bmm"/>
  <File Type="PDI-FILE" Name="decoder4x16_gate.pdi"/>
  <File Type="BOOT-PDI-FILE" Name="decoder4x16_gate_boot.pdi"/>
  <File Type="PL-PDI-FILE" Name="decoder4x16_gate_pld.pdi"/>
  <File Type="RCFI_FILE" Name="decoder4x16_gate.rcfi"/>
  <File Type="CFI_FILE" Name="decoder4x16_gate.cfi"/>
  <File Type="RNPI_FILE" Name="decoder4x16_gate.rnpi"/>
  <File Type="NPI_FILE" Name="decoder4x16_gate.npi"/>
  <File Type="RBD_FILE" Name="decoder4x16_gate.rbd"/>
  <File Type="BITSTR-LTX" Name="debug_nets.ltx"/>
  <File Type="BITSTR-LTX" Name="decoder4x16_gate.ltx"/>
  <File Type="BITSTR-SYSDEF" Name="decoder4x16_gate.sysdef"/>
  <File Type="BG-BGN" Name="decoder4x16_gate.bgn"/>
  <File Type="BG-DRC" Name="decoder4x16_gate.drc"/>
  <File Type="RDI-RDI" Name="decoder4x16_gate.vdi"/>
  <File Type="WBT-USG" Name="usage_statistics_webtalk.html"/>
  <File Type="ROUTE-RQS" Name="decoder4x16_gate_routed.rqs"/>
  <File Type="POSTROUTE-PHYSOPT-RQS" Name="decoder4x16_gate_postroute_physopted.rqs"/>
  <File Type="ROUTE-RQS-RPT" Name="route_report_qor_suggestions_0.rpt"/>
  <File Type="POSTROUTE-PHYSOPT-RQS-RPT" Name="postroute_physopt_report_qor_suggestions_0.rpt"/>
  <FileSet Name="sources" Type="DesignSrcs" RelSrcDir="$PSRCDIR/sources_1" RelGenDir="$PGENDIR/sources_1">
    <Filter Type="Srcs"/>
    <File Path="$PSRCDIR/sources_1/new/decoder4x16_gate.v">
      <FileInfo>
        <Attr Name="ImportPath" Val="$PPRDIR/../Lab1/Lab1.srcs/sources_1/new/decoder4x16_gate.v"/>
        <Attr Name="ImportTime" Val="1750911874"/>
        <Attr Name="UsedIn" Val="synthesis"/>
        <Attr Name="UsedIn" Val="implementation"/>
        <Attr Name="UsedIn" Val="simulation"/>
      </FileInfo>
    </File>
    <File Path="$PSRCDIR/sources_1/new/decoder4x16_behav.v">
      <FileInfo>
        <Attr Name="AutoDisabled" Val="1"/>
        <Attr Name="ImportPath" Val="$PPRDIR/../Lab1/Lab1.srcs/sources_1/new/decoder4x16_behav.v"/>
        <Attr Name="ImportTime" Val="1750907898"/>
        <Attr Name="UsedIn" Val="synthesis"/>
        <Attr Name="UsedIn" Val="implementation"/>
        <Attr Name="UsedIn" Val="simulation"/>
      </FileInfo>
    </File>
    <File Path="$PSRCDIR/sources_1/new/tb_decoder4x16.v">
      <FileInfo>
        <Attr Name="AutoDisabled" Val="1"/>
        <Attr Name="ImportPath" Val="$PPRDIR/../Lab1/Lab1.srcs/sources_1/new/tb_decoder4x16.v"/>
        <Attr Name="ImportTime" Val="1750907094"/>
        <Attr Name="UsedIn" Val="synthesis"/>
        <Attr Name="UsedIn" Val="implementation"/>
        <Attr Name="UsedIn" Val="simulation"/>
      </FileInfo>
    </File>
    <Config>
      <Option Name="DesignMode" Val="RTL"/>
      <Option Name="TopModule" Val="decoder4x16_gate"/>
    </Config>
  </FileSet>
  <FileSet Name="constrs_in" Type="Constrs" RelSrcDir="$PSRCDIR/constrs_1" RelGenDir="$PGENDIR/constrs_1">
    <Filter Type="Constrs"/>
    <File Path="$PPRDIR/../Lab1/Nexys-A7-100T-Master.xdc">
      <FileInfo>
        <Attr Name="UsedIn" Val="synthesis"/>
        <Attr Name="UsedIn" Val="implementation"/>
      </FileInfo>
    </File>
    <Config>
      <Option Name="ConstrsType" Val="XDC"/>
    </Config>
  </FileSet>
  <FileSet Name="utils" Type="Utils" RelSrcDir="$PSRCDIR/utils_1" RelGenDir="$PGENDIR/utils_1">
    <Filter Type="Utils"/>
    <File Path="$PSRCDIR/utils_1/imports/synth_1/tb_decoder4x16.dcp">
      <FileInfo>
        <Attr Name="ImportPath" Val="$PPRDIR/../Lab1/Lab1.srcs/utils_1/imports/synth_1/tb_decoder4x16.dcp"/>
        <Attr Name="ImportTime" Val="1750907214"/>
        <Attr Name="UsedIn" Val="synthesis"/>
        <Attr Name="UsedIn" Val="implementation"/>
        <Attr Name="UsedInSteps" Val="synth_1"/>
        <Attr Name="AutoDcp" Val="1"/>
      </FileInfo>
    </File>
    <Config>
      <Option Name="TopAutoSet" Val="TRUE"/>
    </Config>
  </FileSet>
  <Strategy Version="1" Minor="2">
    <StratHandle Name="Vivado Implementation Defaults" Flow="Vivado Implementation 2023">
      <Desc>Default settings for Implementation.</Desc>
    </StratHandle>
    <Step Id="init_design"/>
    <Step Id="opt_design"/>
    <Step Id="power_opt_design"/>
    <Step Id="place_design"/>
    <Step Id="post_place_power_opt_design"/>
    <Step Id="phys_opt_design"/>
    <Step Id="route_design"/>
    <Step Id="post_route_phys_opt_design"/>
    <Step Id="write_bitstream"/>
  </Strategy>
</GenRun>
