<?xml version="1.0" encoding="UTF-8"?>
<GenRun Id="impl_1" LaunchPart="xc7a100tcsg324-1" LaunchTime="1752912643">
  <File Type="PA-TCL" Name="top_lab5.tcl"/>
  <File Type="REPORTS-TCL" Name="top_lab5_reports.tcl"/>
  <File Type="INIT-TIMING" Name="top_lab5_timing_summary_init.rpt"/>
  <File Type="OPT-DCP" Name="top_lab5_opt.dcp"/>
  <File Type="OPT-DRC" Name="top_lab5_drc_opted.rpt"/>
  <File Type="OPT-METHODOLOGY-DRC" Name="top_lab5_methodology_drc_opted.rpt"/>
  <File Type="OPT-HWDEF" Name="top_lab5.hwdef"/>
  <File Type="OPT-TIMING" Name="top_lab5_timing_summary_opted.rpt"/>
  <File Type="OPT-RQA-PB" Name="top_lab5_rqa_opted.pb"/>
  <File Type="PWROPT-DCP" Name="top_lab5_pwropt.dcp"/>
  <File Type="PWROPT-DRC" Name="top_lab5_drc_pwropted.rpt"/>
  <File Type="PWROPT-TIMING" Name="top_lab5_timing_summary_pwropted.rpt"/>
  <File Type="PLACE-DCP" Name="top_lab5_placed.dcp"/>
  <File Type="PLACE-IO" Name="top_lab5_io_placed.rpt"/>
  <File Type="PLACE-CLK" Name="top_lab5_clock_utilization_placed.rpt"/>
  <File Type="PLACE-UTIL" Name="top_lab5_utilization_placed.rpt"/>
  <File Type="PLACE-UTIL-PB" Name="top_lab5_utilization_placed.pb"/>
  <File Type="PLACE-CTRL" Name="top_lab5_control_sets_placed.rpt"/>
  <File Type="PLACE-SIMILARITY" Name="top_lab5_incremental_reuse_placed.rpt"/>
  <File Type="PLACE-PRE-SIMILARITY" Name="top_lab5_incremental_reuse_pre_placed.rpt"/>
  <File Type="PLACE-TIMING" Name="top_lab5_timing_summary_placed.rpt"/>
  <File Type="PLACE-RQA-PB" Name="top_lab5_rqa_placed.pb"/>
  <File Type="POSTPLACE-PWROPT-DCP" Name="top_lab5_postplace_pwropt.dcp"/>
  <File Type="POSTPLACE-PWROPT-TIMING" Name="top_lab5_timing_summary_postplace_pwropted.rpt"/>
  <File Type="PHYSOPT-DCP" Name="top_lab5_physopt.dcp"/>
  <File Type="PHYSOPT-DRC" Name="top_lab5_drc_physopted.rpt"/>
  <File Type="PHYSOPT-TIMING" Name="top_lab5_timing_summary_physopted.rpt"/>
  <File Type="ROUTE-ERROR-DCP" Name="top_lab5_routed_error.dcp"/>
  <File Type="ROUTE-DCP" Name="top_lab5_routed.dcp"/>
  <File Type="ROUTE-BLACKBOX-DCP" Name="top_lab5_routed_bb.dcp"/>
  <File Type="ROUTE-DRC" Name="top_lab5_drc_routed.rpt"/>
  <File Type="ROUTE-DRC-PB" Name="top_lab5_drc_routed.pb"/>
  <File Type="ROUTE-DRC-RPX" Name="top_lab5_drc_routed.rpx"/>
  <File Type="ROUTE-METHODOLOGY-DRC" Name="top_lab5_methodology_drc_routed.rpt"/>
  <File Type="ROUTE-METHODOLOGY-DRC-RPX" Name="top_lab5_methodology_drc_routed.rpx"/>
  <File Type="ROUTE-METHODOLOGY-DRC-PB" Name="top_lab5_methodology_drc_routed.pb"/>
  <File Type="ROUTE-PWR" Name="top_lab5_power_routed.rpt"/>
  <File Type="ROUTE-PWR-SUM" Name="top_lab5_power_summary_routed.pb"/>
  <File Type="ROUTE-PWR-RPX" Name="top_lab5_power_routed.rpx"/>
  <File Type="ROUTE-STATUS" Name="top_lab5_route_status.rpt"/>
  <File Type="ROUTE-STATUS-PB" Name="top_lab5_route_status.pb"/>
  <File Type="ROUTE-TIMINGSUMMARY" Name="top_lab5_timing_summary_routed.rpt"/>
  <File Type="ROUTE-TIMING-PB" Name="top_lab5_timing_summary_routed.pb"/>
  <File Type="ROUTE-TIMING-RPX" Name="top_lab5_timing_summary_routed.rpx"/>
  <File Type="ROUTE-SIMILARITY" Name="top_lab5_incremental_reuse_routed.rpt"/>
  <File Type="ROUTE-CLK" Name="top_lab5_clock_utilization_routed.rpt"/>
  <File Type="ROUTE-BUS-SKEW" Name="top_lab5_bus_skew_routed.rpt"/>
  <File Type="ROUTE-BUS-SKEW-PB" Name="top_lab5_bus_skew_routed.pb"/>
  <File Type="ROUTE-BUS-SKEW-RPX" Name="top_lab5_bus_skew_routed.rpx"/>
  <File Type="ROUTE-RQS-PB" Name="top_lab5_rqs_routed.pb"/>
  <File Type="POSTROUTE-PHYSOPT-DCP" Name="top_lab5_postroute_physopt.dcp"/>
  <File Type="POSTROUTE-PHYSOPT-BLACKBOX-DCP" Name="top_lab5_postroute_physopt_bb.dcp"/>
  <File Type="POSTROUTE-PHYSOPT-TIMING" Name="top_lab5_timing_summary_postroute_physopted.rpt"/>
  <File Type="POSTROUTE-PHYSOPT-TIMING-PB" Name="top_lab5_timing_summary_postroute_physopted.pb"/>
  <File Type="POSTROUTE-PHYSOPT-TIMING-RPX" Name="top_lab5_timing_summary_postroute_physopted.rpx"/>
  <File Type="POSTROUTE-PHYSOPT-BUS-SKEW" Name="top_lab5_bus_skew_postroute_physopted.rpt"/>
  <File Type="POSTROUTE-PHYSOPT-BUS-SKEW-PB" Name="top_lab5_bus_skew_postroute_physopted.pb"/>
  <File Type="POSTROUTE-PHYSOPT-BUS-SKEW-RPX" Name="top_lab5_bus_skew_postroute_physopted.rpx"/>
  <File Type="BG-BIT" Name="top_lab5.bit"/>
  <File Type="BG-BIN" Name="top_lab5.bin"/>
  <File Type="BITSTR-MSK" Name="top_lab5.msk"/>
  <File Type="BITSTR-RBT" Name="top_lab5.rbt"/>
  <File Type="BITSTR-NKY" Name="top_lab5.nky"/>
  <File Type="BITSTR-BMM" Name="top_lab5_bd.bmm"/>
  <File Type="BITSTR-MMI" Name="top_lab5.mmi"/>
  <File Type="PDI-FILE" Name="top_lab5.pdi"/>
  <File Type="BOOT-PDI-FILE" Name="top_lab5_boot.pdi"/>
  <File Type="PL-PDI-FILE" Name="top_lab5_pld.pdi"/>
  <File Type="RCFI_FILE" Name="top_lab5.rcfi"/>
  <File Type="CFI_FILE" Name="top_lab5.cfi"/>
  <File Type="RNPI_FILE" Name="top_lab5.rnpi"/>
  <File Type="NPI_FILE" Name="top_lab5.npi"/>
  <File Type="RBD_FILE" Name="top_lab5.rbd"/>
  <File Type="BITSTR-LTX" Name="debug_nets.ltx"/>
  <File Type="BITSTR-LTX" Name="top_lab5.ltx"/>
  <File Type="BITSTR-SYSDEF" Name="top_lab5.sysdef"/>
  <File Type="BG-BGN" Name="top_lab5.bgn"/>
  <File Type="BG-DRC" Name="top_lab5.drc"/>
  <File Type="RDI-RDI" Name="top_lab5.vdi"/>
  <File Type="WBT-USG" Name="usage_statistics_webtalk.html"/>
  <File Type="ROUTE-RQS" Name="top_lab5_routed.rqs"/>
  <File Type="POSTROUTE-PHYSOPT-RQS" Name="top_lab5_postroute_physopted.rqs"/>
  <File Type="ROUTE-RQS-RPT" Name="route_report_qor_suggestions_0.rpt"/>
  <File Type="POSTROUTE-PHYSOPT-RQS-RPT" Name="postroute_physopt_report_qor_suggestions_0.rpt"/>
  <FileSet Name="sources" Type="DesignSrcs" RelSrcDir="$PSRCDIR/sources_1" RelGenDir="$PGENDIR/sources_1">
    <Filter Type="Srcs"/>
    <File Path="$PSRCDIR/sources_1/new/bcd_up_down_counter.v">
      <FileInfo>
        <Attr Name="UsedIn" Val="synthesis"/>
        <Attr Name="UsedIn" Val="implementation"/>
        <Attr Name="UsedIn" Val="simulation"/>
      </FileInfo>
    </File>
    <File Path="$PSRCDIR/sources_1/new/clock_divider.v">
      <FileInfo>
        <Attr Name="UsedIn" Val="synthesis"/>
        <Attr Name="UsedIn" Val="implementation"/>
        <Attr Name="UsedIn" Val="simulation"/>
      </FileInfo>
    </File>
    <File Path="$PSRCDIR/sources_1/new/mux32x1.v">
      <FileInfo>
        <Attr Name="UsedIn" Val="synthesis"/>
        <Attr Name="UsedIn" Val="implementation"/>
        <Attr Name="UsedIn" Val="simulation"/>
      </FileInfo>
    </File>
    <File Path="$PSRCDIR/sources_1/new/seg7_scan.v">
      <FileInfo>
        <Attr Name="UsedIn" Val="synthesis"/>
        <Attr Name="UsedIn" Val="implementation"/>
        <Attr Name="UsedIn" Val="simulation"/>
      </FileInfo>
    </File>
    <File Path="$PSRCDIR/sources_1/new/top_lab5.v">
      <FileInfo>
        <Attr Name="UsedIn" Val="synthesis"/>
        <Attr Name="UsedIn" Val="implementation"/>
        <Attr Name="UsedIn" Val="simulation"/>
      </FileInfo>
    </File>
    <File Path="$PSRCDIR/sources_1/new/tb.v">
      <FileInfo>
        <Attr Name="AutoDisabled" Val="1"/>
        <Attr Name="UsedIn" Val="synthesis"/>
        <Attr Name="UsedIn" Val="implementation"/>
        <Attr Name="UsedIn" Val="simulation"/>
      </FileInfo>
    </File>
    <Config>
      <Option Name="DesignMode" Val="RTL"/>
      <Option Name="TopModule" Val="top_lab5"/>
    </Config>
  </FileSet>
  <FileSet Name="constrs_in" Type="Constrs" RelSrcDir="$PSRCDIR/constrs_1" RelGenDir="$PGENDIR/constrs_1">
    <Filter Type="Constrs"/>
    <File Path="$PSRCDIR/constrs_1/new/lab5.xdc">
      <FileInfo>
        <Attr Name="UsedIn" Val="synthesis"/>
        <Attr Name="UsedIn" Val="implementation"/>
      </FileInfo>
    </File>
    <Config>
      <Option Name="ConstrsType" Val="XDC"/>
    </Config>
  </FileSet>
  <FileSet Name="utils" Type="Utils" RelSrcDir="$PSRCDIR/utils_1" RelGenDir="$PGENDIR/utils_1">
    <Filter Type="Utils"/>
    <File Path="$PSRCDIR/utils_1/imports/synth_1/top_lab5.dcp">
      <FileInfo>
        <Attr Name="UsedIn" Val="synthesis"/>
        <Attr Name="UsedIn" Val="implementation"/>
        <Attr Name="UsedInSteps" Val="synth_1"/>
        <Attr Name="AutoDcp" Val="1"/>
      </FileInfo>
    </File>
    <Config>
      <Option Name="TopAutoSet" Val="TRUE"/>
    </Config>
  </FileSet>
  <Strategy Version="1" Minor="2">
    <StratHandle Name="Vivado Implementation Defaults" Flow="Vivado Implementation 2024"/>
    <Step Id="init_design"/>
    <Step Id="opt_design"/>
    <Step Id="power_opt_design"/>
    <Step Id="place_design"/>
    <Step Id="post_place_power_opt_design"/>
    <Step Id="phys_opt_design"/>
    <Step Id="route_design"/>
    <Step Id="post_route_phys_opt_design"/>
    <Step Id="write_bitstream"/>
  </Strategy>
</GenRun>
