<?xml version="1.0" encoding="UTF-8"?>
<GenRun Id="synth_1" LaunchPart="xc7a100tcsg324-1" LaunchTime="1750907215" LaunchIncrCheckpoint="$PSRCDIR/utils_1/imports/synth_1/tb_decoder4x16.dcp">
  <File Type="PA-TCL" Name="decoder4x16_gate.tcl"/>
  <File Type="RDS-PROPCONSTRS" Name="decoder4x16_gate_drc_synth.rpt"/>
  <File Type="REPORTS-TCL" Name="decoder4x16_gate_reports.tcl"/>
  <File Type="RDS-RDS" Name="decoder4x16_gate.vds"/>
  <File Type="RDS-UTIL" Name="decoder4x16_gate_utilization_synth.rpt"/>
  <File Type="RDS-UTIL-PB" Name="decoder4x16_gate_utilization_synth.pb"/>
  <File Type="RDS-DCP" Name="decoder4x16_gate.dcp"/>
  <File Type="VDS-TIMINGSUMMARY" Name="decoder4x16_gate_timing_summary_synth.rpt"/>
  <File Type="VDS-TIMING-PB" Name="decoder4x16_gate_timing_summary_synth.pb"/>
  <FileSet Name="sources" Type="DesignSrcs" RelSrcDir="$PSRCDIR/sources_1" RelGenDir="$PGENDIR/sources_1">
    <Filter Type="Srcs"/>
    <File Path="$PSRCDIR/sources_1/new/decoder4x16_gate.v">
      <FileInfo>
        <Attr Name="ImportPath" Val="$PPRDIR/../Lab1/Lab1.srcs/sources_1/new/decoder4x16_gate.v"/>
        <Attr Name="ImportTime" Val="1750911874"/>
        <Attr Name="UsedIn" Val="synthesis"/>
        <Attr Name="UsedIn" Val="implementation"/>
        <Attr Name="UsedIn" Val="simulation"/>
      </FileInfo>
    </File>
    <File Path="$PSRCDIR/sources_1/new/decoder4x16_behav.v">
      <FileInfo>
        <Attr Name="AutoDisabled" Val="1"/>
        <Attr Name="ImportPath" Val="$PPRDIR/../Lab1/Lab1.srcs/sources_1/new/decoder4x16_behav.v"/>
        <Attr Name="ImportTime" Val="1750907898"/>
        <Attr Name="UsedIn" Val="synthesis"/>
        <Attr Name="UsedIn" Val="implementation"/>
        <Attr Name="UsedIn" Val="simulation"/>
      </FileInfo>
    </File>
    <File Path="$PSRCDIR/sources_1/new/tb_decoder4x16.v">
      <FileInfo>
        <Attr Name="AutoDisabled" Val="1"/>
        <Attr Name="ImportPath" Val="$PPRDIR/../Lab1/Lab1.srcs/sources_1/new/tb_decoder4x16.v"/>
        <Attr Name="ImportTime" Val="1750907094"/>
        <Attr Name="UsedIn" Val="synthesis"/>
        <Attr Name="UsedIn" Val="implementation"/>
        <Attr Name="UsedIn" Val="simulation"/>
      </FileInfo>
    </File>
    <Config>
      <Option Name="DesignMode" Val="RTL"/>
      <Option Name="TopModule" Val="decoder4x16_gate"/>
    </Config>
  </FileSet>
  <FileSet Name="constrs_in" Type="Constrs" RelSrcDir="$PSRCDIR/constrs_1" RelGenDir="$PGENDIR/constrs_1">
    <Filter Type="Constrs"/>
    <File Path="$PPRDIR/../Lab1/Nexys-A7-100T-Master.xdc">
      <FileInfo>
        <Attr Name="UsedIn" Val="synthesis"/>
        <Attr Name="UsedIn" Val="implementation"/>
      </FileInfo>
    </File>
    <Config>
      <Option Name="ConstrsType" Val="XDC"/>
    </Config>
  </FileSet>
  <FileSet Name="utils" Type="Utils" RelSrcDir="$PSRCDIR/utils_1" RelGenDir="$PGENDIR/utils_1">
    <Filter Type="Utils"/>
    <File Path="$PSRCDIR/utils_1/imports/synth_1/tb_decoder4x16.dcp">
      <FileInfo>
        <Attr Name="ImportPath" Val="$PPRDIR/../Lab1/Lab1.srcs/utils_1/imports/synth_1/tb_decoder4x16.dcp"/>
        <Attr Name="ImportTime" Val="1750907214"/>
        <Attr Name="UsedIn" Val="synthesis"/>
        <Attr Name="UsedIn" Val="implementation"/>
        <Attr Name="UsedInSteps" Val="synth_1"/>
        <Attr Name="AutoDcp" Val="1"/>
      </FileInfo>
    </File>
    <Config>
      <Option Name="TopAutoSet" Val="TRUE"/>
    </Config>
  </FileSet>
  <Strategy Version="1" Minor="2">
    <StratHandle Name="Vivado Synthesis Defaults" Flow="Vivado Synthesis 2023">
      <Desc>Vivado Synthesis Defaults</Desc>
    </StratHandle>
    <Step Id="synth_design"/>
  </Strategy>
</GenRun>
