<?xml version="1.0" encoding="UTF-8"?>
<GenRun Id="synth_1" LaunchPart="xc7a100tcsg324-1" LaunchTime="1753728845" LaunchIncrCheckpoint="$PSRCDIR/utils_1/imports/synth_1/top_lab6.dcp">
  <File Type="REPORTS-TCL" Name="top_lab6_reports.tcl"/>
  <File Type="RDS-UTIL" Name="top_lab6_utilization_synth.rpt"/>
  <File Type="RDS-UTIL-PB" Name="top_lab6_utilization_synth.pb"/>
  <File Type="PA-TCL" Name="top_lab6.tcl"/>
  <File Type="RDS-RDS" Name="top_lab6.vds"/>
  <File Type="RDS-DCP" Name="top_lab6.dcp"/>
  <FileSet Name="sources" Type="DesignSrcs" RelSrcDir="$PSRCDIR/sources_1" RelGenDir="$PGENDIR/sources_1">
    <Filter Type="Srcs"/>
    <File Path="$PSRCDIR/sources_1/imports/Downloads/alu.v">
      <FileInfo>
        <Attr Name="ImportPath" Val="C:/Users/nadee/Downloads/alu.v"/>
        <Attr Name="ImportTime" Val="1753686559"/>
        <Attr Name="UsedIn" Val="synthesis"/>
        <Attr Name="UsedIn" Val="implementation"/>
        <Attr Name="UsedIn" Val="simulation"/>
      </FileInfo>
    </File>
    <File Path="$PSRCDIR/sources_1/imports/Downloads/bcd_counter.v">
      <FileInfo>
        <Attr Name="ImportPath" Val="C:/Users/nadee/Downloads/bcd_counter.v"/>
        <Attr Name="ImportTime" Val="1753686563"/>
        <Attr Name="UsedIn" Val="synthesis"/>
        <Attr Name="UsedIn" Val="implementation"/>
        <Attr Name="UsedIn" Val="simulation"/>
      </FileInfo>
    </File>
    <File Path="$PSRCDIR/sources_1/imports/Downloads/clock_divider.v">
      <FileInfo>
        <Attr Name="ImportPath" Val="C:/Users/nadee/Downloads/clock_divider.v"/>
        <Attr Name="ImportTime" Val="1753686566"/>
        <Attr Name="UsedIn" Val="synthesis"/>
        <Attr Name="UsedIn" Val="implementation"/>
        <Attr Name="UsedIn" Val="simulation"/>
      </FileInfo>
    </File>
    <File Path="$PSRCDIR/sources_1/imports/Downloads/control_decoder.v">
      <FileInfo>
        <Attr Name="ImportPath" Val="C:/Users/nadee/Downloads/control_decoder.v"/>
        <Attr Name="ImportTime" Val="1753686568"/>
        <Attr Name="UsedIn" Val="synthesis"/>
        <Attr Name="UsedIn" Val="implementation"/>
        <Attr Name="UsedIn" Val="simulation"/>
      </FileInfo>
    </File>
    <File Path="$PSRCDIR/sources_1/imports/Downloads/seg7_scan.v">
      <FileInfo>
        <Attr Name="ImportPath" Val="C:/Users/nadee/Downloads/seg7_scan.v"/>
        <Attr Name="ImportTime" Val="1753686570"/>
        <Attr Name="UsedIn" Val="synthesis"/>
        <Attr Name="UsedIn" Val="implementation"/>
        <Attr Name="UsedIn" Val="simulation"/>
      </FileInfo>
    </File>
    <File Path="$PSRCDIR/sources_1/imports/Downloads/top_lab6.v">
      <FileInfo>
        <Attr Name="ImportPath" Val="C:/Users/nadee/Downloads/top_lab6.v"/>
        <Attr Name="ImportTime" Val="1753686574"/>
        <Attr Name="UsedIn" Val="synthesis"/>
        <Attr Name="UsedIn" Val="implementation"/>
        <Attr Name="UsedIn" Val="simulation"/>
      </FileInfo>
    </File>
    <Config>
      <Option Name="DesignMode" Val="RTL"/>
      <Option Name="TopModule" Val="top_lab6"/>
      <Option Name="TopAutoSet" Val="TRUE"/>
    </Config>
  </FileSet>
  <FileSet Name="constrs_in" Type="Constrs" RelSrcDir="$PSRCDIR/constrs_1" RelGenDir="$PGENDIR/constrs_1">
    <Filter Type="Constrs"/>
    <File Path="$PSRCDIR/constrs_1/new/master.xdc">
      <FileInfo>
        <Attr Name="UsedIn" Val="synthesis"/>
        <Attr Name="UsedIn" Val="implementation"/>
      </FileInfo>
    </File>
    <Config>
      <Option Name="ConstrsType" Val="XDC"/>
    </Config>
  </FileSet>
  <FileSet Name="utils" Type="Utils" RelSrcDir="$PSRCDIR/utils_1" RelGenDir="$PGENDIR/utils_1">
    <Filter Type="Utils"/>
    <File Path="$PSRCDIR/utils_1/imports/synth_1/top_lab6.dcp">
      <FileInfo>
        <Attr Name="UsedIn" Val="synthesis"/>
        <Attr Name="UsedIn" Val="implementation"/>
        <Attr Name="UsedInSteps" Val="synth_1"/>
        <Attr Name="AutoDcp" Val="1"/>
      </FileInfo>
    </File>
    <Config>
      <Option Name="TopAutoSet" Val="TRUE"/>
    </Config>
  </FileSet>
  <Strategy Version="1" Minor="2">
    <StratHandle Name="Vivado Synthesis Defaults" Flow="Vivado Synthesis 2024"/>
    <Step Id="synth_design"/>
  </Strategy>
</GenRun>
